{
  "train_rows": 2979,
  "test_rows": 479,
  "test_season": 2025,
  "accuracy": 0.7578288100208769,
  "precision": 0.7440944881889764,
  "recall": 0.7875,
  "f1": 0.7651821862348178,
  "roc_auc": 0.8394700139470014,
  "race_precision_at_10": 0.7583333333333334,
  "exact_top10_set_rate": 0.0
}